TRADE_ENTRY_DATE,Date_Time,Date_Time,ID,LOW,HIGH,OPEN,CLOSE
2009-04-01,9,30,ATRL,82.0,83.5,82.0,82.9
2009-04-01,9,30,BAHL,26.14,27.3,26.92,26.5
2009-04-01,9,30,EPCL,26.14,27.3,26.92,26.5
2009-04-01,9,30,FCCL,22.4,23.25,22.4,22.75
2009-04-01,9,30,LUCK,6.41,6.74,6.49,6.7
2009-04-01,9,30,MCB,50.11,51.85,50.79,51.35
2009-04-01,9,30,MLCF,142.0,144.2,142.0,144.0
2009-04-01,9,30,NETSOL,4.9,5.15,4.9,5.0
2009-04-01,9,30,NML,16.71,17.4,16.75,17.4
2009-04-01,9,30,OGDC,30.52,31.1,30.55,31.01
2009-04-01,9,30,PPL,72.5,73.85,72.8,73.85
2009-04-01,9,30,PSO,174.1,178.0,175.0,176.75
2009-04-01,9,30,SEARL,198.1,201.8,199.0,200.8
2009-04-01,9,30,TRG,43.1,66.9,43.1,64.05
2009-04-01,9,31,ATRL,82.52,83.3,82.9,83.3
2009-04-01,9,31,BAHL,26.27,26.65,26.5,26.58
2009-04-01,9,31,EPCL,26.27,26.65,26.5,26.58
2009-04-01,9,31,FCCL,22.71,23.0,22.75,23.0
2009-04-01,9,31,LUCK,6.6,6.72,6.7,6.7
2009-04-01,9,31,MCB,51.2,51.47,51.35,51.25
2009-04-01,9,31,MLCF,144.0,144.2,144.0,144.17
2009-04-01,9,31,NETSOL,4.96,5.04,5.01,4.98
2009-04-01,9,31,NML,17.4,17.45,17.4,17.45
2009-04-01,9,31,OGDC,31.08,31.3,31.08,31.3
2009-04-01,9,31,PPL,73.85,74.0,73.85,74.0
2009-04-01,9,31,PSO,176.11,177.0,176.75,177.0
2009-04-01,9,31,SEARL,200.21,201.0,200.8,200.99
2009-04-01,9,31,TRG,64.0,66.97,64.02,64.0
2009-04-01,9,32,ATRL,83.25,85.0,83.3,85.0
2009-04-01,9,32,BAHL,26.38,26.9,26.59,26.9
2009-04-01,9,32,EPCL,26.38,26.9,26.59,26.9
2009-04-01,9,32,FCCL,22.9,23.07,23.0,22.9
2009-04-01,9,32,LUCK,6.7,6.75,6.7,6.75
2009-04-01,9,32,MCB,51.1,51.5,51.44,51.5
2009-04-01,9,32,MLCF,144.17,144.5,144.17,144.49
2009-04-01,9,32,NETSOL,4.99,5.1,5.0,5.05
2009-04-01,9,32,NML,17.37,17.5,17.45,17.4
2009-04-01,9,32,OGDC,31.2,31.4,31.3,31.2
2009-04-01,9,32,PPL,73.55,74.1,74.0,73.7
2009-04-01,9,32,PSO,176.22,177.3,176.99,177.3
2009-04-01,9,32,SEARL,200.99,201.5,200.99,201.03
2009-04-01,9,32,TRG,63.0,64.5,64.5,63.1
2009-04-01,9,33,ATRL,84.98,85.49,85.0,85.4
2009-04-01,9,33,BAHL,26.8,27.38,26.99,27.02
2009-04-01,9,33,EPCL,26.8,27.38,26.99,27.02
2009-04-01,9,33,FCCL,22.87,23.19,22.92,23.19
2009-04-01,9,33,LUCK,6.6,6.75,6.75,6.7
2009-04-01,9,33,MCB,51.5,51.85,51.5,51.85
2009-04-01,9,33,MLCF,144.48,145.0,144.48,145.0
2009-04-01,9,33,NETSOL,5.01,5.11,5.07,5.08
2009-04-01,9,33,NML,17.35,17.55,17.4,17.5
2009-04-01,9,33,OGDC,31.0,31.27,31.2,31.05
2009-04-01,9,33,PPL,73.4,73.8,73.8,73.8
2009-04-01,9,33,PSO,177.0,177.5,177.49,177.33
2009-04-01,9,33,SEARL,201.1,202.2,201.1,201.12
2009-04-01,9,33,TRG,60.79,64.19,63.45,60.8
2009-04-01,9,34,ATRL,85.4,87.0,85.4,86.85
2009-04-01,9,34,BAHL,27.0,28.1,27.36,28.1
2009-04-01,9,34,EPCL,27.0,28.1,27.36,28.1
2009-04-01,9,34,FCCL,23.05,23.3,23.2,23.11
2009-04-01,9,34,LUCK,6.67,6.77,6.7,6.74
2009-04-01,9,34,MCB,51.8,51.85,51.85,51.85
2009-04-01,9,34,MLCF,144.5,145.2,144.75,145.0
2009-04-01,9,34,NETSOL,5.05,5.17,5.08,5.17
2009-04-01,9,34,NML,17.26,17.5,17.5,17.26
2009-04-01,9,34,OGDC,30.8,31.09,31.01,30.8
2009-04-01,9,34,PPL,73.61,73.99,73.8,73.7
2009-04-01,9,34,PSO,176.25,177.05,177.01,176.8
2009-04-01,9,34,SEARL,200.1,201.89,201.1,201.45
2009-04-01,9,34,TRG,56.25,64.8,64.8,62.0
2009-04-01,9,35,ATRL,86.5,87.39,86.84,86.8
2009-04-01,9,35,BAHL,27.5,28.21,28.15,27.5
2009-04-01,9,35,EPCL,27.5,28.21,28.15,27.5
2009-04-01,9,35,FCCL,23.11,23.33,23.11,23.33
2009-04-01,9,35,LUCK,6.57,6.75,6.73,6.63
2009-04-01,9,35,MCB,51.05,51.85,51.85,51.35
2009-04-01,9,35,MLCF,144.6,145.2,145.0,144.6
2009-04-01,9,35,NETSOL,5.18,5.23,5.18,5.23
2009-04-01,9,35,NML,17.16,17.34,17.25,17.2
2009-04-01,9,35,OGDC,30.6,30.88,30.74,30.87
2009-04-01,9,35,PPL,73.7,74.0,73.7,74.0
2009-04-01,9,35,PSO,176.75,177.3,176.8,176.85
2009-04-01,9,35,SEARL,201.45,202.0,201.45,201.67
2009-04-01,9,35,TRG,57.6,62.99,62.0,60.36
2009-04-01,9,36,ATRL,86.45,86.9,86.8,86.7
2009-04-01,9,36,BAHL,27.31,27.9,27.72,27.31
2009-04-01,9,36,EPCL,27.31,27.9,27.72,27.31
2009-04-01,9,36,FCCL,23.3,23.4,23.34,23.4
2009-04-01,9,36,LUCK,6.53,6.64,6.63,6.56
2009-04-01,9,36,MCB,51.2,51.36,51.24,51.36
2009-04-01,9,36,MLCF,144.1,144.74,144.56,144.1
2009-04-01,9,36,NETSOL,5.2,5.24,5.23,5.2
2009-04-01,9,36,NML,17.06,17.25,17.2,17.1
2009-04-01,9,36,OGDC,30.85,31.0,30.88,30.9
2009-04-01,9,36,PPL,73.99,74.17,74.1,74.15
2009-04-01,9,36,PSO,176.65,177.2,176.65,177.1
2009-04-01,9,36,SEARL,201.0,201.9,201.9,201.5
2009-04-01,9,36,TRG,58.6,63.65,61.75,60.8
2009-04-01,9,37,ATRL,86.55,87.0,86.7,87.0
2009-04-01,9,37,BAHL,27.25,28.0,27.3,27.98
2009-04-01,9,37,EPCL,27.25,28.0,27.3,27.98
2009-04-01,9,37,FCCL,23.39,23.5,23.4,23.5
2009-04-01,9,37,LUCK,6.55,6.78,6.56,6.78
2009-04-01,9,37,MCB,51.15,51.45,51.38,51.3
2009-04-01,9,37,MLCF,143.81,144.1,144.1,143.85
2009-04-01,9,37,NETSOL,5.18,5.21,5.2,5.2
2009-04-01,9,37,NML,17.05,17.2,17.1,17.05
2009-04-01,9,37,OGDC,30.71,30.9,30.9,30.71
2009-04-01,9,37,PPL,74.05,74.2,74.16,74.16
2009-04-01,9,37,PSO,176.7,177.2,177.0,176.99
2009-04-01,9,37,SEARL,200.01,201.5,201.5,200.01
2009-04-01,9,37,TRG,57.95,62.19,60.75,60.0
2009-04-01,9,38,ATRL,87.01,88.0,87.3,87.5
2009-04-01,9,38,BAHL,26.9,28.0,27.99,27.49
2009-04-01,9,38,EPCL,26.9,28.0,27.99,27.49
2009-04-01,9,38,FCCL,23.41,23.5,23.5,23.41
2009-04-01,9,38,LUCK,6.6,6.8,6.79,6.63
2009-04-01,9,38,MCB,51.11,51.5,51.32,51.11
2009-04-01,9,38,MLCF,143.66,144.0,143.81,144.0
2009-04-01,9,38,NETSOL,5.2,5.25,5.2,5.25
2009-04-01,9,38,NML,17.03,17.4,17.05,17.26
2009-04-01,9,38,OGDC,30.6,30.72,30.7,30.72
2009-04-01,9,38,PPL,74.01,74.2,74.15,74.05
2009-04-01,9,38,PSO,176.0,177.0,177.0,176.0
2009-04-01,9,38,SEARL,199.0,200.01,200.01,199.31
2009-04-01,9,38,TRG,49.75,60.25,60.0,50.4
2009-04-01,9,39,ATRL,87.03,87.6,87.5,87.03
2009-04-01,9,39,BAHL,27.0,27.4,27.1,27.2
2009-04-01,9,39,EPCL,27.0,27.4,27.1,27.2
2009-04-01,9,39,FCCL,23.39,23.5,23.39,23.5
2009-04-01,9,39,LUCK,6.63,6.7,6.63,6.69
2009-04-01,9,39,MCB,51.0,51.11,51.11,51.0
2009-04-01,9,39,MLCF,143.9,144.01,144.0,143.9
2009-04-01,9,39,NETSOL,5.25,5.25,5.25,5.25
2009-04-01,9,39,NML,17.25,17.35,17.31,17.35
2009-04-01,9,39,OGDC,30.74,30.8,30.74,30.75
2009-04-01,9,39,PPL,74.05,74.24,74.05,74.15
2009-04-01,9,39,PSO,176.0,176.79,176.0,176.01
2009-04-01,9,39,SEARL,198.5,199.3,199.3,198.5
2009-04-01,9,39,TRG,47.58,51.25,48.5,48.1
2009-04-01,9,40,ATRL,87.0,87.5,87.45,87.0
2009-04-01,9,40,BAHL,27.1,27.35,27.1,27.3
2009-04-01,9,40,EPCL,27.1,27.35,27.1,27.3
2009-04-01,9,40,FCCL,23.41,23.6,23.41,23.6
2009-04-01,9,40,LUCK,6.69,6.77,6.69,6.77
2009-04-01,9,40,MCB,50.75,51.14,51.0,50.75
2009-04-01,9,40,MLCF,143.0,143.99,143.85,143.31
2009-04-01,9,40,NETSOL,5.25,5.27,5.25,5.26
2009-04-01,9,40,NML,17.0,17.35,17.35,17.06
2009-04-01,9,40,OGDC,30.6,30.75,30.7,30.75
2009-04-01,9,40,PPL,74.15,74.35,74.15,74.35
2009-04-01,9,40,PSO,175.01,176.0,176.0,175.01
2009-04-01,9,40,SEARL,198.0,198.95,198.5,198.95
2009-04-01,9,40,TRG,44.88,48.06,48.06,47.4
2009-04-01,9,41,ATRL,86.65,87.0,87.0,86.99
2009-04-01,9,41,BAHL,27.3,27.5,27.3,27.5
2009-04-01,9,41,EPCL,27.3,27.5,27.3,27.5
2009-04-01,9,41,FCCL,23.55,23.6,23.6,23.55
2009-04-01,9,41,LUCK,6.75,6.79,6.77,6.76
2009-04-01,9,41,MCB,50.7,50.75,50.7,50.75
2009-04-01,9,41,MLCF,143.31,143.85,143.31,143.4
2009-04-01,9,41,NETSOL,5.24,5.27,5.27,5.25
2009-04-01,9,41,NML,17.05,17.1,17.06,17.05
2009-04-01,9,41,OGDC,30.7,30.75,30.75,30.75
2009-04-01,9,41,PPL,74.32,74.4,74.35,74.32
2009-04-01,9,41,PSO,175.0,175.01,175.01,175.0
2009-04-01,9,41,SEARL,198.95,199.36,198.95,199.05
2009-04-01,9,41,TRG,44.88,48.0,47.5,44.88
2009-04-01,9,42,ATRL,86.8,87.4,86.88,87.1
2009-04-01,9,42,BAHL,27.49,27.7,27.49,27.5
2009-04-01,9,42,EPCL,27.49,27.7,27.49,27.5
2009-04-01,9,42,FCCL,23.6,23.63,23.6,23.63
2009-04-01,9,42,LUCK,6.75,6.8,6.78,6.78
2009-04-01,9,42,MCB,50.75,50.99,50.75,50.99
2009-04-01,9,42,MLCF,143.35,143.85,143.35,143.85
2009-04-01,9,42,NETSOL,5.24,5.25,5.25,5.24
2009-04-01,9,42,NML,17.0,17.18,17.02,17.18
2009-04-01,9,42,OGDC,30.72,30.8,30.75,30.73
2009-04-01,9,42,PPL,74.32,74.45,74.4,74.45
2009-04-01,9,42,PSO,174.8,175.05,175.0,174.8
2009-04-01,9,42,SEARL,199.0,199.59,199.0,199.59
2009-04-01,9,42,TRG,44.88,47.0,44.88,44.88
2009-04-01,9,43,ATRL,86.9,87.9,87.4,86.9
2009-04-01,9,43,BAHL,27.5,28.0,27.5,28.0
2009-04-01,9,43,EPCL,27.5,28.0,27.5,28.0
2009-04-01,9,43,FCCL,23.63,23.66,23.63,23.66
2009-04-01,9,43,LUCK,6.79,6.85,6.79,6.85
2009-04-01,9,43,MCB,51.0,51.25,51.0,51.0
2009-04-01,9,43,MLCF,143.0,143.85,143.85,143.0
2009-04-01,9,43,NETSOL,5.16,5.24,5.24,5.17
2009-04-01,9,43,NML,17.06,17.25,17.15,17.2
2009-04-01,9,43,OGDC,30.8,30.9,30.8,30.85
2009-04-01,9,43,PPL,74.33,74.5,74.45,74.4
2009-04-01,9,43,PSO,174.1,175.0,174.8,174.1
2009-04-01,9,43,SEARL,199.07,200.0,199.55,199.5
2009-04-01,9,43,TRG,42.64,46.48,43.0,45.0
2009-04-01,9,44,ATRL,86.8,87.0,86.9,87.0
2009-04-01,9,44,BAHL,28.0,28.5,28.0,28.5
2009-04-01,9,44,EPCL,28.0,28.5,28.0,28.5
2009-04-01,9,44,FCCL,23.66,23.66,23.66,23.66
2009-04-01,9,44,LUCK,6.85,6.89,6.86,6.89
2009-04-01,9,44,MCB,50.98,51.1,51.1,51.1
2009-04-01,9,44,MLCF,142.7,143.0,143.0,143.0
2009-04-01,9,44,NETSOL,5.14,5.18,5.15,5.18
2009-04-01,9,44,NML,17.11,17.25,17.2,17.25
2009-04-01,9,44,OGDC,30.84,30.98,30.84,30.98
2009-04-01,9,44,PPL,74.48,74.5,74.49,74.5
2009-04-01,9,44,PSO,173.8,174.1,174.1,173.99
2009-04-01,9,44,SEARL,199.7,200.0,199.79,200.0
2009-04-01,9,44,TRG,44.5,45.5,44.9,45.5
2009-04-01,9,45,ATRL,86.85,87.25,87.0,87.0
2009-04-01,9,45,BAHL,28.5,28.89,28.5,28.89
2009-04-01,9,45,EPCL,28.5,28.89,28.5,28.89
2009-04-01,9,45,FCCL,23.66,23.66,23.66,23.66
2009-04-01,9,45,LUCK,6.88,6.89,6.89,6.88
2009-04-01,9,45,MCB,51.0,51.1,51.1,51.05
2009-04-01,9,45,MLCF,142.6,143.0,143.0,142.6
2009-04-01,9,45,NETSOL,5.19,5.22,5.19,5.2
2009-04-01,9,45,NML,17.21,17.3,17.25,17.21
2009-04-01,9,45,OGDC,30.95,31.0,30.98,30.95
2009-04-01,9,45,PPL,74.5,74.5,74.5,74.5
2009-04-01,9,45,PSO,173.51,174.0,174.0,173.99
2009-04-01,9,45,SEARL,200.0,200.4,200.4,200.0
2009-04-01,9,45,TRG,45.5,45.6,45.5,45.5
2009-04-01,9,46,ATRL,86.85,87.0,86.86,86.9
2009-04-01,9,46,BAHL,28.9,28.99,28.9,28.99
2009-04-01,9,46,EPCL,28.9,28.99,28.9,28.99
2009-04-01,9,46,FCCL,23.66,23.66,23.66,23.66
2009-04-01,9,46,LUCK,6.87,6.9,6.89,6.88
2009-04-01,9,46,MCB,51.1,51.15,51.1,51.15
2009-04-01,9,46,MLCF,142.5,142.7,142.7,142.5
2009-04-01,9,46,NETSOL,5.22,5.25,5.23,5.22
2009-04-01,9,46,NML,17.21,17.28,17.21,17.22
2009-04-01,9,46,OGDC,30.95,31.0,31.0,30.95
2009-04-01,9,46,PPL,74.5,74.6,74.5,74.6
2009-04-01,9,46,PSO,173.6,174.49,173.99,174.49
2009-04-01,9,46,SEARL,199.8,200.0,200.0,200.0
2009-04-01,9,46,TRG,45.5,46.0,45.5,45.55
2009-04-01,9,47,ATRL,86.9,87.59,86.99,87.0
2009-04-01,9,47,BAHL,28.99,28.99,28.99,28.99
2009-04-01,9,47,EPCL,28.99,28.99,28.99,28.99
2009-04-01,9,47,FCCL,23.66,23.66,23.66,23.66
2009-04-01,9,47,LUCK,6.85,6.9,6.87,6.9
2009-04-01,9,47,MCB,51.05,51.15,51.1,51.15
2009-04-01,9,47,MLCF,142.6,142.8,142.6,142.8
2009-04-01,9,47,NETSOL,5.21,5.25,5.24,5.21
2009-04-01,9,47,NML,17.22,17.34,17.24,17.34
2009-04-01,9,47,OGDC,30.92,31.0,30.95,31.0
2009-04-01,9,47,PPL,74.6,74.7,74.6,74.65
2009-04-01,9,47,PSO,174.4,174.5,174.49,174.5
2009-04-01,9,47,SEARL,199.71,200.35,200.0,199.71
2009-04-01,9,47,TRG,45.5,46.3,45.5,46.0
2009-04-01,9,48,ATRL,87.0,87.39,87.39,87.0
2009-04-01,9,48,BAHL,28.99,28.99,28.99,28.99
2009-04-01,9,48,EPCL,28.99,28.99,28.99,28.99
2009-04-01,9,48,FCCL,23.66,23.66,23.66,23.66
2009-04-01,9,48,LUCK,6.87,6.9,6.9,6.9
2009-04-01,9,48,MCB,51.15,51.35,51.15,51.3
2009-04-01,9,48,MLCF,142.5,143.2,143.0,142.5
2009-04-01,9,48,NETSOL,5.21,5.25,5.21,5.25
2009-04-01,9,48,NML,17.2,17.34,17.3,17.25
2009-04-01,9,48,OGDC,31.0,31.07,31.0,31.07
2009-04-01,9,48,PPL,74.6,74.65,74.6,74.6
2009-04-01,9,48,PSO,174.7,175.0,174.7,174.8
2009-04-01,9,48,SEARL,199.12,199.7,199.7,199.12
2009-04-01,9,48,TRG,46.0,47.12,46.0,47.12
2009-04-01,9,49,ATRL,86.9,87.59,87.0,87.05
2009-04-01,9,49,BAHL,28.99,30.2,28.99,30.2
2009-04-01,9,49,EPCL,28.99,30.2,28.99,30.2
2009-04-01,9,49,FCCL,23.66,23.66,23.66,23.66
2009-04-01,9,49,LUCK,6.86,6.95,6.9,6.86
2009-04-01,9,49,MCB,51.3,51.4,51.3,51.4
2009-04-01,9,49,MLCF,142.15,142.5,142.5,142.2
2009-04-01,9,49,NETSOL,5.22,5.26,5.25,5.26
2009-04-01,9,49,NML,17.2,17.3,17.3,17.22
2009-04-01,9,49,OGDC,31.07,31.2,31.07,31.2
2009-04-01,9,49,PPL,74.55,74.7,74.6,74.7
2009-04-01,9,49,PSO,174.65,175.0,174.85,174.7
2009-04-01,9,49,SEARL,199.0,199.32,199.11,199.0
2009-04-01,9,49,TRG,47.12,48.57,47.12,48.57
2009-04-01,9,50,ATRL,87.03,87.48,87.03,87.1
2009-04-01,9,50,BAHL,29.8,30.2,30.2,29.9
2009-04-01,9,50,EPCL,29.8,30.2,30.2,29.9
2009-04-01,9,50,FCCL,23.66,23.66,23.66,23.66
2009-04-01,9,50,LUCK,6.81,6.9,6.86,6.88
2009-04-01,9,50,MCB,51.4,51.49,51.4,51.44
2009-04-01,9,50,MLCF,142.0,142.5,142.32,142.0
2009-04-01,9,50,NETSOL,5.26,5.29,5.26,5.29
2009-04-01,9,50,NML,17.2,17.27,17.2,17.2
2009-04-01,9,50,OGDC,31.1,31.2,31.2,31.2
2009-04-01,9,50,PPL,74.65,74.7,74.7,74.65
2009-04-01,9,50,PSO,174.5,174.95,174.5,174.61
2009-04-01,9,50,SEARL,198.25,199.0,199.0,198.25
2009-04-01,9,50,TRG,50.99,52.75,50.99,52.75
2009-04-01,9,51,ATRL,87.0,87.15,87.15,87.05
2009-04-01,9,51,BAHL,29.8,29.99,29.8,29.99
2009-04-01,9,51,EPCL,29.8,29.99,29.8,29.99
2009-04-01,9,51,FCCL,23.66,23.66,23.66,23.66
2009-04-01,9,51,LUCK,6.88,6.9,6.88,6.89
2009-04-01,9,51,MCB,51.41,51.48,51.44,51.48
2009-04-01,9,51,MLCF,142.0,142.0,142.0,142.0
2009-04-01,9,51,NETSOL,5.27,5.3,5.29,5.29
2009-04-01,9,51,NML,17.18,17.23,17.2,17.23
2009-04-01,9,51,OGDC,31.19,31.2,31.2,31.19
2009-04-01,9,51,PPL,74.52,74.7,74.6,74.7
2009-04-01,9,51,PSO,174.61,174.9,174.9,174.85
2009-04-01,9,51,SEARL,198.15,198.8,198.25,198.8
2009-04-01,9,51,TRG,51.75,52.75,52.75,51.75
2009-04-01,9,52,ATRL,87.14,87.15,87.14,87.15
2009-04-01,9,52,BAHL,29.85,30.2,29.99,30.0
2009-04-01,9,52,EPCL,29.85,30.2,29.99,30.0
2009-04-01,9,52,FCCL,23.66,23.66,23.66,23.66
2009-04-01,9,52,LUCK,6.81,6.9,6.89,6.89
2009-04-01,9,52,MCB,51.4,51.48,51.48,51.4
2009-04-01,9,52,MLCF,141.86,142.0,142.0,141.86
2009-04-01,9,52,NETSOL,5.3,5.3,5.3,5.3
2009-04-01,9,52,NML,17.18,17.2,17.2,17.2
2009-04-01,9,52,OGDC,31.19,31.2,31.19,31.2
2009-04-01,9,52,PPL,74.51,74.7,74.65,74.51
2009-04-01,9,52,PSO,174.89,174.99,174.89,174.99
2009-04-01,9,52,SEARL,198.5,198.8,198.8,198.5
2009-04-01,9,52,TRG,50.0,51.6,51.6,50.0
2009-04-01,9,53,ATRL,87.01,87.25,87.14,87.25
2009-04-01,9,53,BAHL,30.0,30.1,30.0,30.0
2009-04-01,9,53,EPCL,30.0,30.1,30.0,30.0
2009-04-01,9,53,FCCL,23.66,23.66,23.66,23.66
2009-04-01,9,53,LUCK,6.89,6.9,6.89,6.9
2009-04-01,9,53,MCB,51.4,51.5,51.4,51.5
2009-04-01,9,53,MLCF,141.8,141.95,141.86,141.95
2009-04-01,9,53,NETSOL,5.3,5.3,5.3,5.3
2009-04-01,9,53,NML,17.2,17.24,17.2,17.24
2009-04-01,9,53,OGDC,31.2,31.24,31.2,31.2
2009-04-01,9,53,PPL,74.5,74.74,74.5,74.74
2009-04-01,9,53,PSO,174.75,175.0,174.99,174.98
2009-04-01,9,53,SEARL,198.35,198.75,198.5,198.75
2009-04-01,9,53,TRG,50.0,50.1,50.0,50.0
2009-04-01,9,54,ATRL,87.06,87.85,87.06,87.85
2009-04-01,9,54,BAHL,30.0,30.18,30.0,30.1
2009-04-01,9,54,EPCL,30.0,30.18,30.0,30.1
2009-04-01,9,54,FCCL,23.66,23.66,23.66,23.66
2009-04-01,9,54,LUCK,6.82,6.9,6.88,6.9
2009-04-01,9,54,MCB,51.49,51.6,51.49,51.6
2009-04-01,9,54,MLCF,141.7,142.5,141.95,142.49
2009-04-01,9,54,NETSOL,5.3,5.31,5.3,5.3
2009-04-01,9,54,NML,17.06,17.24,17.22,17.06
2009-04-01,9,54,OGDC,31.15,31.24,31.2,31.23
2009-04-01,9,54,PPL,74.51,74.75,74.74,74.74
2009-04-01,9,54,PSO,174.99,175.0,174.99,175.0
2009-04-01,9,54,SEARL,198.8,199.48,198.8,199.48
2009-04-01,9,54,TRG,48.8,50.1,49.8,48.8
2009-04-01,9,55,ATRL,87.5,87.9,87.85,87.5
2009-04-01,9,55,BAHL,30.0,30.15,30.1,30.0
2009-04-01,9,55,EPCL,30.0,30.15,30.1,30.0
2009-04-01,9,55,FCCL,23.55,23.66,23.66,23.66
2009-04-01,9,55,LUCK,6.8,6.9,6.9,6.8
2009-04-01,9,55,MCB,51.45,51.6,51.5,51.6
2009-04-01,9,55,MLCF,142.4,142.99,142.4,142.99
2009-04-01,9,55,NETSOL,5.29,5.33,5.3,5.31
2009-04-01,9,55,NML,17.06,17.23,17.06,17.15
2009-04-01,9,55,OGDC,31.2,31.29,31.23,31.29
2009-04-01,9,55,PPL,74.52,74.75,74.75,74.73
2009-04-01,9,55,PSO,174.6,175.0,175.0,174.6
2009-04-01,9,55,SEARL,198.1,199.4,199.4,198.1
2009-04-01,9,55,TRG,48.5,49.99,49.8,48.55
2009-04-01,9,56,ATRL,87.25,87.47,87.25,87.47
2009-04-01,9,56,BAHL,30.18,30.18,30.18,30.18
2009-04-01,9,56,EPCL,30.18,30.18,30.18,30.18
2009-04-01,9,56,FCCL,23.66,23.66,23.66,23.66
2009-04-01,9,56,LUCK,6.76,6.8,6.8,6.76
2009-04-01,9,56,MCB,51.6,51.65,51.6,51.65
2009-04-01,9,56,MLCF,143.0,143.1,143.0,143.1
2009-04-01,9,56,NETSOL,5.32,5.32,5.32,5.32
2009-04-01,9,56,NML,17.14,17.14,17.14,17.14
2009-04-01,9,56,OGDC,31.29,31.29,31.29,31.29
2009-04-01,9,56,PPL,74.74,74.74,74.74,74.74
2009-04-01,9,56,PSO,174.51,174.51,174.51,174.51
2009-04-01,9,56,SEARL,198.05,198.3,198.05,198.3
2009-04-01,9,56,TRG,48.5,48.94,48.5,48.94
2009-04-01,9,57,ATRL,87.0,87.27,87.27,87.24
2009-04-01,9,57,BAHL,30.0,30.23,30.19,30.0
2009-04-01,9,57,EPCL,30.0,30.23,30.19,30.0
2009-04-01,9,57,FCCL,23.57,23.66,23.66,23.66
2009-04-01,9,57,LUCK,6.75,6.8,6.76,6.78
2009-04-01,9,57,MCB,51.65,51.8,51.65,51.8
2009-04-01,9,57,MLCF,142.5,143.43,143.1,142.5
2009-04-01,9,57,NETSOL,5.27,5.32,5.32,5.3
2009-04-01,9,57,NML,17.12,17.2,17.14,17.15
2009-04-01,9,57,OGDC,31.3,31.35,31.3,31.35
2009-04-01,9,57,PPL,74.6,74.8,74.75,74.8
2009-04-01,9,57,PSO,174.0,174.6,174.5,174.0
2009-04-01,9,57,SEARL,198.01,198.55,198.35,198.55
2009-04-01,9,57,TRG,46.25,49.25,49.0,47.5
2009-04-01,9,58,ATRL,86.75,87.05,87.05,86.85
2009-04-01,9,58,BAHL,29.7,30.0,30.0,30.0
2009-04-01,9,58,EPCL,29.7,30.0,30.0,30.0
2009-04-01,9,58,FCCL,23.66,23.66,23.66,23.66
2009-04-01,9,58,LUCK,6.74,6.82,6.78,6.74
2009-04-01,9,58,MCB,51.8,51.84,51.8,51.8
2009-04-01,9,58,MLCF,142.3,142.5,142.35,142.5
2009-04-01,9,58,NETSOL,5.3,5.32,5.3,5.3
2009-04-01,9,58,NML,17.08,17.2,17.13,17.2
2009-04-01,9,58,OGDC,31.31,31.38,31.35,31.32
2009-04-01,9,58,PPL,74.75,74.9,74.8,74.9
2009-04-01,9,58,PSO,173.5,174.0,174.0,173.5
2009-04-01,9,58,SEARL,198.0,198.59,198.56,198.0
2009-04-01,9,58,TRG,44.5,46.52,46.52,44.5
2009-04-01,9,59,ATRL,86.34,86.9,86.9,86.5
2009-04-01,9,59,BAHL,30.1,30.39,30.1,30.39
2009-04-01,9,59,EPCL,30.1,30.39,30.1,30.39
2009-04-01,9,59,FCCL,23.66,23.66,23.66,23.66
2009-04-01,9,59,LUCK,6.71,6.84,6.74,6.8
2009-04-01,9,59,MCB,51.51,51.8,51.8,51.8
2009-04-01,9,59,MLCF,142.5,142.7,142.5,142.69
2009-04-01,9,59,NETSOL,5.23,5.3,5.3,5.23
2009-04-01,9,59,NML,17.2,17.3,17.2,17.3
2009-04-01,9,59,OGDC,31.25,31.35,31.34,31.25
2009-04-01,9,59,PPL,74.75,74.95,74.76,74.95
2009-04-01,9,59,PSO,173.5,173.99,173.5,173.9
2009-04-01,9,59,SEARL,198.0,198.8,198.0,198.8
2009-04-01,9,59,TRG,43.8,46.5,44.25,43.8
2009-04-01,10,0,ATRL,86.0,86.5,86.5,86.3
2009-04-01,10,0,BAHL,30.4,30.43,30.4,30.43
2009-04-01,10,0,EPCL,30.4,30.43,30.4,30.43
2009-04-01,10,0,FCCL,23.66,23.66,23.66,23.66
2009-04-01,10,0,LUCK,6.71,6.8,6.77,6.78
2009-04-01,10,0,MCB,51.7,51.82,51.8,51.7
2009-04-01,10,0,MLCF,142.5,142.7,142.7,142.5
2009-04-01,10,0,NETSOL,5.2,5.24,5.24,5.24
2009-04-01,10,0,NML,17.3,17.39,17.3,17.34
2009-04-01,10,0,OGDC,31.2,31.3,31.25,31.3
2009-04-01,10,0,PPL,74.9,74.99,74.96,74.99
2009-04-01,10,0,PSO,173.4,173.71,173.6,173.5
2009-04-01,10,0,SEARL,198.96,199.3,198.98,199.3
2009-04-01,10,0,TRG,43.7,45.75,43.75,45.5
2009-04-01,10,1,ATRL,86.0,86.49,86.2,86.0
2009-04-01,10,1,BAHL,30.1,30.43,30.43,30.43
2009-04-01,10,1,EPCL,30.1,30.43,30.43,30.43
2009-04-01,10,1,FCCL,23.66,23.66,23.66,23.66
2009-04-01,10,1,LUCK,6.72,6.8,6.75,6.75
2009-04-01,10,1,MCB,51.7,51.8,51.7,51.8
2009-04-01,10,1,MLCF,142.5,142.98,142.5,142.5
2009-04-01,10,1,NETSOL,5.21,5.27,5.25,5.27
2009-04-01,10,1,NML,17.26,17.4,17.38,17.26
2009-04-01,10,1,OGDC,31.26,31.3,31.3,31.26
2009-04-01,10,1,PPL,74.97,75.0,74.99,75.0
2009-04-01,10,1,PSO,173.3,173.51,173.5,173.5
2009-04-01,10,1,SEARL,199.25,199.8,199.4,199.65
2009-04-01,10,1,TRG,44.8,46.0,45.8,44.8
2009-04-01,10,2,ATRL,86.0,86.47,86.01,86.47
2009-04-01,10,2,BAHL,30.4,30.43,30.43,30.43
2009-04-01,10,2,EPCL,30.4,30.43,30.43,30.43
2009-04-01,10,2,FCCL,23.66,23.66,23.66,23.66
2009-04-01,10,2,LUCK,6.75,6.78,6.75,6.75
2009-04-01,10,2,MCB,51.8,51.82,51.8,51.82
2009-04-01,10,2,MLCF,142.5,142.95,142.75,142.95
2009-04-01,10,2,NETSOL,5.21,5.28,5.28,5.23
2009-04-01,10,2,NML,17.26,17.32,17.26,17.29
2009-04-01,10,2,OGDC,31.26,31.3,31.26,31.26
2009-04-01,10,2,PPL,75.0,75.0,75.0,75.0
2009-04-01,10,2,PSO,173.15,173.75,173.3,173.4
2009-04-01,10,2,SEARL,199.4,199.75,199.64,199.4
2009-04-01,10,2,TRG,45.35,46.5,45.35,46.5
2009-04-01,10,3,ATRL,86.1,86.47,86.39,86.47
2009-04-01,10,3,BAHL,30.43,30.43,30.43,30.43
2009-04-01,10,3,EPCL,30.43,30.43,30.43,30.43
2009-04-01,10,3,FCCL,23.66,23.66,23.66,23.66
2009-04-01,10,3,LUCK,6.72,6.78,6.73,6.74
2009-04-01,10,3,MCB,51.83,51.85,51.83,51.85
2009-04-01,10,3,MLCF,142.75,143.0,142.99,143.0
2009-04-01,10,3,NETSOL,5.2,5.23,5.23,5.2
2009-04-01,10,3,NML,17.25,17.3,17.26,17.3
2009-04-01,10,3,OGDC,31.25,31.3,31.26,31.3
2009-04-01,10,3,PPL,74.98,75.0,75.0,75.0
2009-04-01,10,3,PSO,173.49,173.75,173.49,173.7
2009-04-01,10,3,SEARL,199.0,199.84,199.4,199.84
2009-04-01,10,3,TRG,46.0,47.22,46.05,47.22
2009-04-01,10,4,ATRL,85.82,86.47,86.47,85.82
2009-04-01,10,4,BAHL,30.01,30.43,30.43,30.01
2009-04-01,10,4,EPCL,30.01,30.43,30.43,30.01
2009-04-01,10,4,FCCL,23.66,23.66,23.66,23.66
2009-04-01,10,4,LUCK,6.74,6.8,6.74,6.79
2009-04-01,10,4,MCB,51.85,51.85,51.85,51.85
2009-04-01,10,4,MLCF,142.59,143.25,143.0,143.0
2009-04-01,10,4,NETSOL,5.17,5.26,5.2,5.24
2009-04-01,10,4,NML,17.2,17.3,17.3,17.2
2009-04-01,10,4,OGDC,31.26,31.32,31.3,31.32
2009-04-01,10,4,PPL,75.0,75.0,75.0,75.0
2009-04-01,10,4,PSO,173.02,173.7,173.6,173.02
2009-04-01,10,4,SEARL,199.06,199.85,199.84,199.3
2009-04-01,10,4,TRG,46.01,47.0,46.5,46.5
2009-04-01,10,5,ATRL,85.8,85.99,85.82,85.85
2009-04-01,10,5,BAHL,30.0,30.43,30.0,30.43
2009-04-01,10,5,EPCL,30.0,30.43,30.0,30.43
2009-04-01,10,5,FCCL,23.4,23.66,23.66,23.66
2009-04-01,10,5,LUCK,6.78,6.84,6.79,6.84
2009-04-01,10,5,MCB,51.85,51.85,51.85,51.85
2009-04-01,10,5,MLCF,142.9,143.0,143.0,143.0
2009-04-01,10,5,NETSOL,5.21,5.25,5.25,5.23
2009-04-01,10,5,NML,17.17,17.29,17.2,17.2
2009-04-01,10,5,OGDC,31.25,31.33,31.33,31.26
2009-04-01,10,5,PPL,74.97,75.0,75.0,74.97
2009-04-01,10,5,PSO,173.0,173.1,173.01,173.0
2009-04-01,10,5,SEARL,199.3,199.65,199.3,199.4
2009-04-01,10,5,TRG,46.0,46.5,46.5,46.0
2009-04-01,10,6,ATRL,85.5,85.85,85.85,85.7
2009-04-01,10,6,BAHL,30.43,31.45,30.43,31.0
2009-04-01,10,6,EPCL,30.43,31.45,30.43,31.0
2009-04-01,10,6,FCCL,23.44,23.66,23.66,23.66
2009-04-01,10,6,LUCK,6.78,6.85,6.84,6.84
2009-04-01,10,6,MCB,51.85,51.85,51.85,51.85
2009-04-01,10,6,MLCF,142.85,143.0,143.0,142.98
2009-04-01,10,6,NETSOL,5.23,5.27,5.23,5.24
2009-04-01,10,6,NML,17.23,17.3,17.23,17.25
2009-04-01,10,6,OGDC,31.25,31.27,31.26,31.25
2009-04-01,10,6,PPL,74.77,74.98,74.97,74.9
2009-04-01,10,6,PSO,172.5,173.0,173.0,172.66
2009-04-01,10,6,SEARL,199.01,199.6,199.4,199.01
2009-04-01,10,6,TRG,45.25,46.06,46.0,46.0
2009-04-01,10,7,ATRL,85.0,85.7,85.7,85.0
2009-04-01,10,7,BAHL,30.1,31.0,31.0,30.9
2009-04-01,10,7,EPCL,30.1,31.0,31.0,30.9
2009-04-01,10,7,FCCL,23.5,23.66,23.66,23.5
2009-04-01,10,7,LUCK,6.8,6.89,6.85,6.8
2009-04-01,10,7,MCB,51.7,51.85,51.85,51.79
2009-04-01,10,7,MLCF,142.99,143.5,142.99,143.5
2009-04-01,10,7,NETSOL,5.15,5.26,5.24,5.22
2009-04-01,10,7,NML,17.05,17.3,17.25,17.1
2009-04-01,10,7,OGDC,31.01,31.25,31.25,31.05
2009-04-01,10,7,PPL,74.56,74.81,74.76,74.8
2009-04-01,10,7,PSO,172.6,173.4,172.6,173.1
2009-04-01,10,7,SEARL,199.0,199.85,199.0,199.83
2009-04-01,10,7,TRG,46.0,48.04,46.0,48.04
2009-04-01,10,8,ATRL,84.8,85.0,84.99,84.8
2009-04-01,10,8,BAHL,30.2,31.0,31.0,30.89
2009-04-01,10,8,EPCL,30.2,31.0,31.0,30.89
2009-04-01,10,8,FCCL,23.41,23.6,23.55,23.58
2009-04-01,10,8,LUCK,6.75,6.87,6.78,6.83
2009-04-01,10,8,MCB,51.79,51.85,51.8,51.84
2009-04-01,10,8,MLCF,143.4,144.0,143.4,144.0
2009-04-01,10,8,NETSOL,5.17,5.25,5.22,5.25
2009-04-01,10,8,NML,17.1,17.23,17.23,17.18
2009-04-01,10,8,OGDC,30.97,31.05,31.05,30.97
2009-04-01,10,8,PPL,74.75,75.0,74.89,74.9
2009-04-01,10,8,PSO,172.75,173.3,173.1,173.2
2009-04-01,10,8,SEARL,199.52,199.95,199.8,199.79
2009-04-01,10,8,TRG,47.72,48.04,48.04,48.04
2009-04-01,10,9,ATRL,84.52,85.48,85.0,85.0
2009-04-01,10,9,BAHL,30.55,30.89,30.89,30.6
2009-04-01,10,9,EPCL,30.55,30.89,30.89,30.6
2009-04-01,10,9,FCCL,23.51,23.59,23.51,23.59
2009-04-01,10,9,LUCK,6.75,6.85,6.8,6.79
2009-04-01,10,9,MCB,51.84,51.85,51.84,51.85
2009-04-01,10,9,MLCF,144.0,144.5,144.0,144.5
2009-04-01,10,9,NETSOL,5.25,5.26,5.25,5.26
2009-04-01,10,9,NML,17.18,17.2,17.18,17.2
2009-04-01,10,9,OGDC,31.0,31.13,31.0,31.02
2009-04-01,10,9,PPL,74.9,75.0,74.9,75.0
2009-04-01,10,9,PSO,173.2,173.49,173.2,173.49
2009-04-01,10,9,SEARL,199.53,199.85,199.8,199.53
2009-04-01,10,9,TRG,48.04,48.04,48.04,48.04
2009-04-01,10,10,ATRL,85.2,86.0,85.2,85.52
2009-04-01,10,10,BAHL,30.25,30.6,30.55,30.25
2009-04-01,10,10,EPCL,30.25,30.6,30.55,30.25
2009-04-01,10,10,FCCL,23.48,23.6,23.52,23.58
2009-04-01,10,10,LUCK,6.79,6.8,6.79,6.8
2009-04-01,10,10,MCB,51.79,51.85,51.85,51.85
2009-04-01,10,10,MLCF,144.5,144.8,144.5,144.8
2009-04-01,10,10,NETSOL,5.25,5.26,5.25,5.25
2009-04-01,10,10,NML,17.13,17.22,17.22,17.2
2009-04-01,10,10,OGDC,31.0,31.13,31.01,31.05
2009-04-01,10,10,PPL,74.95,75.0,75.0,74.99
2009-04-01,10,10,PSO,173.5,173.7,173.5,173.7
2009-04-01,10,10,SEARL,199.26,199.55,199.55,199.26
2009-04-01,10,10,TRG,48.04,50.44,48.04,50.2
2009-04-01,10,11,ATRL,85.21,85.55,85.5,85.21
2009-04-01,10,11,BAHL,30.2,30.21,30.2,30.2
2009-04-01,10,11,EPCL,30.2,30.21,30.2,30.2
2009-04-01,10,11,FCCL,23.51,23.59,23.59,23.51
2009-04-01,10,11,LUCK,6.76,6.79,6.76,6.79
2009-04-01,10,11,MCB,51.85,51.85,51.85,51.85
2009-04-01,10,11,MLCF,144.6,144.89,144.8,144.6
2009-04-01,10,11,NETSOL,5.24,5.24,5.24,5.24
2009-04-01,10,11,NML,17.15,17.22,17.15,17.22
2009-04-01,10,11,OGDC,31.05,31.1,31.1,31.05
2009-04-01,10,11,PPL,74.98,74.99,74.99,74.98
2009-04-01,10,11,PSO,173.7,173.75,173.7,173.7
2009-04-01,10,11,SEARL,199.0,199.25,199.25,199.0
2009-04-01,10,11,TRG,50.01,50.44,50.01,50.44
2009-04-01,10,12,ATRL,85.11,86.24,85.2,86.0
2009-04-01,10,12,BAHL,29.75,30.2,30.2,30.0
2009-04-01,10,12,EPCL,29.75,30.2,30.2,30.0
2009-04-01,10,12,FCCL,23.5,23.65,23.59,23.6
2009-04-01,10,12,LUCK,6.76,6.83,6.76,6.8
2009-04-01,10,12,MCB,51.71,51.85,51.85,51.75
2009-04-01,10,12,MLCF,144.5,144.99,144.6,144.75
2009-04-01,10,12,NETSOL,5.21,5.25,5.24,5.23
2009-04-01,10,12,NML,17.2,17.3,17.22,17.3
2009-04-01,10,12,OGDC,31.0,31.2,31.05,31.2
2009-04-01,10,12,PPL,74.8,74.95,74.95,74.94
2009-04-01,10,12,PSO,173.7,173.98,173.7,173.98
2009-04-01,10,12,SEARL,199.0,199.4,199.0,199.1
2009-04-01,10,12,TRG,50.44,52.96,50.44,52.96
2009-04-01,10,13,ATRL,85.7,86.19,85.99,86.15
2009-04-01,10,13,BAHL,30.1,30.5,30.25,30.1
2009-04-01,10,13,EPCL,30.1,30.5,30.25,30.1
2009-04-01,10,13,FCCL,23.52,23.66,23.65,23.66
2009-04-01,10,13,LUCK,6.9,7.1,6.9,7.0
2009-04-01,10,13,MCB,51.75,51.85,51.75,51.85
2009-04-01,10,13,MLCF,144.0,144.89,144.75,144.0
2009-04-01,10,13,NETSOL,5.2,5.28,5.2,5.28
2009-04-01,10,13,NML,17.1,17.3,17.3,17.18
2009-04-01,10,13,OGDC,31.2,31.3,31.2,31.25
2009-04-01,10,13,PPL,74.8,75.0,74.81,74.9
2009-04-01,10,13,PSO,173.9,174.05,173.98,174.0
2009-04-01,10,13,SEARL,199.1,199.85,199.1,199.25
2009-04-01,10,13,TRG,52.0,52.96,52.96,52.0
2009-04-01,10,14,ATRL,85.8,86.2,86.15,85.8
2009-04-01,10,14,BAHL,29.75,30.01,30.01,29.75
2009-04-01,10,14,EPCL,29.75,30.01,30.01,29.75
2009-04-01,10,14,FCCL,23.66,23.66,23.66,23.66
2009-04-01,10,14,LUCK,6.95,7.02,7.0,6.95
2009-04-01,10,14,MCB,51.85,51.85,51.85,51.85
2009-04-01,10,14,MLCF,144.0,144.2,144.1,144.2
2009-04-01,10,14,NETSOL,5.28,5.29,5.28,5.29
2009-04-01,10,14,NML,17.12,17.25,17.19,17.25
2009-04-01,10,14,OGDC,31.28,31.3,31.28,31.3
2009-04-01,10,14,PPL,74.8,74.9,74.83,74.81
2009-04-01,10,14,PSO,173.4,174.0,173.8,174.0
2009-04-01,10,14,SEARL,199.0,199.25,199.25,199.0
2009-04-01,10,14,TRG,50.5,52.45,52.0,52.0
2009-04-01,10,15,ATRL,85.75,85.99,85.8,85.75
2009-04-01,10,15,BAHL,29.5,29.75,29.75,29.5
2009-04-01,10,15,EPCL,29.5,29.75,29.75,29.5
2009-04-01,10,15,FCCL,23.66,23.9,23.66,23.9
2009-04-01,10,15,LUCK,7.0,7.0,7.0,7.0
2009-04-01,10,15,MCB,51.6,51.85,51.85,51.8
2009-04-01,10,15,MLCF,144.35,144.5,144.35,144.5
2009-04-01,10,15,NETSOL,5.29,5.29,5.29,5.29
2009-04-01,10,15,NML,17.25,17.25,17.25,17.25
2009-04-01,10,15,OGDC,31.25,31.3,31.3,31.29
2009-04-01,10,15,PPL,74.8,74.86,74.81,74.8
2009-04-01,10,15,PSO,173.99,174.0,174.0,174.0
2009-04-01,10,15,SEARL,199.0,199.35,199.0,199.01
2009-04-01,10,15,TRG,51.5,52.25,52.0,52.0
2009-04-01,10,16,ATRL,85.75,85.76,85.75,85.75
2009-04-01,10,16,BAHL,29.5,29.5,29.5,29.5
2009-04-01,10,16,EPCL,29.5,29.5,29.5,29.5
2009-04-01,10,16,FCCL,23.9,23.9,23.9,23.9
2009-04-01,10,16,LUCK,7.0,7.01,7.0,7.01
2009-04-01,10,16,MCB,51.62,51.83,51.8,51.62
2009-04-01,10,16,MLCF,144.5,144.5,144.5,144.5
2009-04-01,10,16,NETSOL,5.29,5.3,5.29,5.3
2009-04-01,10,16,NML,17.25,17.25,17.25,17.25
2009-04-01,10,16,OGDC,31.25,31.3,31.29,31.3
2009-04-01,10,16,PPL,74.8,74.9,74.8,74.9
2009-04-01,10,16,PSO,174.15,174.15,174.15,174.15
2009-04-01,10,16,SEARL,199.01,199.47,199.01,199.47
2009-04-01,10,16,TRG,52.0,52.45,52.35,52.25
2009-04-01,10,17,ATRL,85.75,86.0,85.75,85.75
2009-04-01,10,17,BAHL,29.1,29.79,29.5,29.79
2009-04-01,10,17,EPCL,29.1,29.79,29.5,29.79
2009-04-01,10,17,FCCL,23.9,24.0,23.9,24.0
2009-04-01,10,17,LUCK,7.0,7.01,7.01,7.0
2009-04-01,10,17,MCB,51.8,51.85,51.83,51.85
2009-04-01,10,17,MLCF,144.11,144.7,144.35,144.5
2009-04-01,10,17,NETSOL,5.29,5.3,5.29,5.3
2009-04-01,10,17,NML,17.15,17.25,17.16,17.25
2009-04-01,10,17,OGDC,31.25,31.3,31.3,31.25
2009-04-01,10,17,PPL,74.65,74.9,74.9,74.65
2009-04-01,10,17,PSO,174.15,174.44,174.3,174.26
2009-04-01,10,17,SEARL,199.47,199.6,199.49,199.5
2009-04-01,10,17,TRG,51.0,52.02,52.02,51.0
2009-04-01,10,18,ATRL,85.5,86.0,85.5,86.0
2009-04-01,10,18,BAHL,29.15,29.15,29.15,29.15
2009-04-01,10,18,EPCL,29.15,29.15,29.15,29.15
2009-04-01,10,18,FCCL,24.0,24.0,24.0,24.0
2009-04-01,10,18,LUCK,7.0,7.0,7.0,7.0
2009-04-01,10,18,MCB,51.7,51.7,51.7,51.7
2009-04-01,10,18,MLCF,144.5,144.6,144.5,144.6
2009-04-01,10,18,NETSOL,5.3,5.3,5.3,5.3
2009-04-01,10,18,NML,17.16,17.16,17.16,17.16
2009-04-01,10,18,OGDC,31.25,31.29,31.29,31.25
2009-04-01,10,18,PPL,74.62,74.65,74.65,74.62
2009-04-01,10,18,PSO,174.25,174.26,174.26,174.25
2009-04-01,10,18,SEARL,199.5,199.6,199.5,199.6
2009-04-01,10,18,TRG,51.0,51.95,51.0,51.95
2009-04-01,10,19,ATRL,85.25,85.51,85.51,85.25
2009-04-01,10,19,BAHL,29.1,29.8,29.15,29.15
2009-04-01,10,19,EPCL,29.1,29.8,29.15,29.15
2009-04-01,10,19,FCCL,23.75,24.0,24.0,24.0
2009-04-01,10,19,LUCK,6.89,7.0,7.0,6.91
2009-04-01,10,19,MCB,51.7,51.85,51.7,51.85
2009-04-01,10,19,MLCF,144.7,144.99,144.7,144.99
2009-04-01,10,19,NETSOL,5.29,5.3,5.3,5.29
2009-04-01,10,19,NML,17.14,17.3,17.16,17.25
2009-04-01,10,19,OGDC,31.25,31.34,31.25,31.3
2009-04-01,10,19,PPL,74.53,74.75,74.62,74.65
2009-04-01,10,19,PSO,174.25,174.45,174.25,174.25
2009-04-01,10,19,SEARL,199.2,199.81,199.47,199.81
2009-04-01,10,19,TRG,49.5,52.7,50.1,50.0
2009-04-01,10,20,ATRL,85.1,85.5,85.25,85.1
2009-04-01,10,20,BAHL,29.01,29.89,29.11,29.2
2009-04-01,10,20,EPCL,29.01,29.89,29.11,29.2
2009-04-01,10,20,FCCL,24.0,24.25,24.0,24.2
2009-04-01,10,20,LUCK,6.9,7.0,6.9,7.0
2009-04-01,10,20,MCB,51.85,51.85,51.85,51.85
2009-04-01,10,20,MLCF,144.5,144.99,144.99,144.5
2009-04-01,10,20,NETSOL,5.25,5.3,5.29,5.25
2009-04-01,10,20,NML,17.08,17.3,17.3,17.3
2009-04-01,10,20,OGDC,31.05,31.3,31.3,31.06
2009-04-01,10,20,PPL,74.5,74.7,74.7,74.5
2009-04-01,10,20,PSO,174.25,174.8,174.4,174.25
2009-04-01,10,20,SEARL,199.69,199.82,199.81,199.7
2009-04-01,10,20,TRG,49.5,50.95,50.0,50.55
2009-04-01,10,21,ATRL,84.9,85.26,85.25,85.0
2009-04-01,10,21,BAHL,28.95,29.23,29.11,28.95
2009-04-01,10,21,EPCL,28.95,29.23,29.11,28.95
2009-04-01,10,21,FCCL,24.1,24.4,24.2,24.1
2009-04-01,10,21,LUCK,7.0,7.08,7.0,7.08
2009-04-01,10,21,MCB,51.72,51.85,51.85,51.85
2009-04-01,10,21,MLCF,144.05,144.89,144.6,144.89
2009-04-01,10,21,NETSOL,5.13,5.25,5.25,5.2
2009-04-01,10,21,NML,17.17,17.39,17.25,17.35
2009-04-01,10,21,OGDC,31.0,31.12,31.06,31.02
2009-04-01,10,21,PPL,74.4,74.55,74.5,74.45
2009-04-01,10,21,PSO,174.0,174.5,174.11,174.5
2009-04-01,10,21,SEARL,198.8,199.8,199.5,199.0
2009-04-01,10,21,TRG,50.0,51.5,50.95,50.7
2009-04-01,10,22,ATRL,85.0,85.76,85.0,85.5
2009-04-01,10,22,BAHL,27.86,29.7,29.0,29.0
2009-04-01,10,22,EPCL,27.86,29.7,29.0,29.0
2009-04-01,10,22,FCCL,24.05,24.34,24.05,24.15
2009-04-01,10,22,LUCK,7.0,7.1,7.06,7.1
2009-04-01,10,22,MCB,51.85,51.85,51.85,51.85
2009-04-01,10,22,MLCF,144.75,144.99,144.75,144.99
2009-04-01,10,22,NETSOL,5.17,5.22,5.2,5.19
2009-04-01,10,22,NML,17.2,17.45,17.36,17.2
2009-04-01,10,22,OGDC,30.97,31.04,31.02,31.0
2009-04-01,10,22,PPL,74.42,74.6,74.5,74.42
2009-04-01,10,22,PSO,174.12,174.89,174.49,174.49
2009-04-01,10,22,SEARL,198.8,199.2,199.0,198.98
2009-04-01,10,22,TRG,50.25,51.5,50.5,50.5
2009-04-01,10,23,ATRL,85.25,85.6,85.26,85.5
2009-04-01,10,23,BAHL,29.2,29.6,29.5,29.3
2009-04-01,10,23,EPCL,29.2,29.6,29.5,29.3
2009-04-01,10,23,FCCL,24.15,24.25,24.15,24.2
2009-04-01,10,23,LUCK,7.02,7.1,7.1,7.1
2009-04-01,10,23,MCB,51.85,51.85,51.85,51.85
2009-04-01,10,23,MLCF,145.0,145.0,145.0,145.0
2009-04-01,10,23,NETSOL,5.1,5.16,5.16,5.1
2009-04-01,10,23,NML,17.13,17.3,17.2,17.25
2009-04-01,10,23,OGDC,31.0,31.1,31.0,31.02
2009-04-01,10,23,PPL,74.31,74.42,74.42,74.31
2009-04-01,10,23,PSO,174.49,174.89,174.5,174.65
2009-04-01,10,23,SEARL,198.92,198.99,198.98,198.99
2009-04-01,10,23,TRG,50.0,50.45,50.45,50.35
2009-04-01,10,24,ATRL,85.05,85.35,85.3,85.35
2009-04-01,10,24,BAHL,28.25,29.1,29.1,28.79
2009-04-01,10,24,EPCL,28.25,29.1,29.1,28.79
2009-04-01,10,24,FCCL,24.0,24.16,24.16,24.0
2009-04-01,10,24,LUCK,7.0,7.1,7.1,7.08
2009-04-01,10,24,MCB,51.8,51.85,51.85,51.85
2009-04-01,10,24,MLCF,144.8,145.0,145.0,145.0
2009-04-01,10,24,NETSOL,5.01,5.1,5.1,5.01
2009-04-01,10,24,NML,17.15,17.29,17.18,17.29
2009-04-01,10,24,OGDC,31.0,31.08,31.01,31.05
2009-04-01,10,24,PPL,74.2,74.3,74.3,74.25
2009-04-01,10,24,PSO,174.13,174.5,174.5,174.15
2009-04-01,10,24,SEARL,198.99,199.29,199.0,199.29
2009-04-01,10,24,TRG,50.35,51.4,50.35,51.0
2009-04-01,10,25,ATRL,85.25,85.99,85.35,85.9
2009-04-01,10,25,BAHL,28.27,29.19,28.8,28.6
2009-04-01,10,25,EPCL,28.27,29.19,28.8,28.6
2009-04-01,10,25,FCCL,23.9,24.0,24.0,23.99
2009-04-01,10,25,LUCK,6.95,7.1,7.08,7.1
2009-04-01,10,25,MCB,51.85,54.0,51.85,54.0
2009-04-01,10,25,MLCF,144.01,145.0,144.99,144.01
2009-04-01,10,25,NETSOL,5.0,5.12,5.01,5.12
2009-04-01,10,25,NML,17.2,17.33,17.26,17.33
2009-04-01,10,25,OGDC,31.01,31.1,31.05,31.1
2009-04-01,10,25,PPL,74.02,74.26,74.26,74.1
2009-04-01,10,25,PSO,173.65,174.25,174.1,173.7
2009-04-01,10,25,SEARL,199.2,199.5,199.29,199.49
2009-04-01,10,25,TRG,50.05,51.0,50.8,50.7
2009-04-01,10,26,ATRL,85.65,85.8,85.75,85.66
2009-04-01,10,26,BAHL,28.3,28.9,28.61,28.3
2009-04-01,10,26,EPCL,28.3,28.9,28.61,28.3
2009-04-01,10,26,FCCL,23.96,24.0,23.99,24.0
2009-04-01,10,26,LUCK,6.99,7.07,7.05,7.0
2009-04-01,10,26,MCB,54.0,54.0,54.0,54.0
2009-04-01,10,26,MLCF,144.0,144.3,144.2,144.0
2009-04-01,10,26,NETSOL,5.1,5.15,5.12,5.1
2009-04-01,10,26,NML,17.2,17.34,17.34,17.2
2009-04-01,10,26,OGDC,31.0,31.1,31.1,31.1
2009-04-01,10,26,PPL,74.0,74.12,74.1,74.12
2009-04-01,10,26,PSO,173.76,174.6,173.76,174.6
2009-04-01,10,26,SEARL,199.5,199.75,199.5,199.75
2009-04-01,10,26,TRG,50.01,50.11,50.11,50.01
2009-04-01,10,27,ATRL,85.31,85.6,85.35,85.6
2009-04-01,10,27,BAHL,28.3,28.8,28.3,28.51
2009-04-01,10,27,EPCL,28.3,28.8,28.3,28.51
2009-04-01,10,27,FCCL,24.0,24.05,24.05,24.0
2009-04-01,10,27,LUCK,7.0,7.04,7.0,7.04
2009-04-01,10,27,MCB,54.0,54.0,54.0,54.0
2009-04-01,10,27,MLCF,144.0,144.0,144.0,144.0
2009-04-01,10,27,NETSOL,5.08,5.08,5.08,5.08
2009-04-01,10,27,NML,17.2,17.3,17.2,17.3
2009-04-01,10,27,OGDC,31.1,31.11,31.1,31.11
2009-04-01,10,27,PPL,74.0,74.01,74.01,74.01
2009-04-01,10,27,PSO,174.58,174.6,174.59,174.58
2009-04-01,10,27,SEARL,199.75,199.75,199.75,199.75
2009-04-01,10,27,TRG,50.0,50.0,50.0,50.0
2009-04-01,10,28,ATRL,85.3,85.5,85.3,85.5
2009-04-01,10,28,BAHL,28.45,28.74,28.73,28.45
2009-04-01,10,28,EPCL,28.45,28.74,28.73,28.45
2009-04-01,10,28,FCCL,23.95,24.0,24.0,23.95
2009-04-01,10,28,LUCK,7.0,7.06,7.04,7.06
2009-04-01,10,28,MCB,54.0,54.0,54.0,54.0
2009-04-01,10,28,MLCF,143.1,144.0,144.0,144.0
2009-04-01,10,28,NETSOL,5.06,5.1,5.1,5.06
2009-04-01,10,28,NML,17.22,17.3,17.3,17.3
2009-04-01,10,28,OGDC,31.11,31.13,31.12,31.13
2009-04-01,10,28,PPL,74.0,74.11,74.11,74.0
2009-04-01,10,28,PSO,174.0,174.55,174.55,174.0
2009-04-01,10,28,SEARL,199.5,199.79,199.79,199.5
2009-04-01,10,28,TRG,50.0,50.01,50.0,50.0
2009-04-01,10,29,ATRL,85.35,85.5,85.35,85.5
2009-04-01,10,29,BAHL,28.45,28.69,28.45,28.68
2009-04-01,10,29,EPCL,28.45,28.69,28.45,28.68
2009-04-01,10,29,FCCL,24.0,24.07,24.0,24.06
2009-04-01,10,29,LUCK,7.05,7.08,7.06,7.06
2009-04-01,10,29,MCB,54.0,54.0,54.0,54.0
2009-04-01,10,29,MLCF,143.5,143.95,143.5,143.95
2009-04-01,10,29,NETSOL,5.05,5.05,5.05,5.05
2009-04-01,10,29,NML,17.25,17.3,17.3,17.25
2009-04-01,10,29,OGDC,31.1,31.15,31.13,31.1
2009-04-01,10,29,PPL,74.0,74.0,74.0,74.0
2009-04-01,10,29,PSO,173.9,174.0,174.0,173.98
2009-04-01,10,29,SEARL,199.45,199.8,199.79,199.73
2009-04-01,10,29,TRG,49.5,50.0,50.0,49.5
2009-04-01,10,30,ATRL,85.25,85.5,85.5,85.25
2009-04-01,10,30,BAHL,28.55,28.7,28.69,28.55
2009-04-01,10,30,EPCL,28.55,28.7,28.69,28.55
2009-04-01,10,30,FCCL,24.0,24.07,24.01,24.0
2009-04-01,10,30,LUCK,7.02,7.07,7.05,7.03
2009-04-01,10,30,MCB,53.55,54.0,54.0,53.55
2009-04-01,10,30,MLCF,143.5,143.97,143.95,143.7
2009-04-01,10,30,NETSOL,5.05,5.11,5.05,5.1
2009-04-01,10,30,NML,17.26,17.3,17.29,17.3
2009-04-01,10,30,OGDC,31.03,31.15,31.1,31.03
2009-04-01,10,30,PPL,74.0,74.1,74.0,74.02
2009-04-01,10,30,PSO,173.75,173.99,173.99,173.76
2009-04-01,10,30,SEARL,199.45,199.75,199.74,199.7
2009-04-01,10,30,TRG,49.0,50.39,49.15,50.0
2009-04-01,10,31,ATRL,85.05,85.49,85.25,85.11
2009-04-01,10,31,BAHL,28.5,28.74,28.55,28.7
2009-04-01,10,31,EPCL,28.5,28.74,28.55,28.7
2009-04-01,10,31,FCCL,23.85,24.07,24.05,23.85
2009-04-01,10,31,LUCK,7.02,7.06,7.06,7.03
2009-04-01,10,31,MCB,53.25,54.0,53.25,54.0
2009-04-01,10,31,MLCF,143.5,143.7,143.7,143.7
2009-04-01,10,31,NETSOL,5.07,5.11,5.1,5.07
2009-04-01,10,31,NML,17.34,17.4,17.39,17.34
2009-04-01,10,31,OGDC,31.0,31.15,31.01,31.15
2009-04-01,10,31,PPL,74.0,74.1,74.02,74.0
2009-04-01,10,31,PSO,173.75,173.9,173.75,173.9
2009-04-01,10,31,SEARL,199.0,199.75,199.5,199.75
2009-04-01,10,31,TRG,49.8,50.39,50.0,50.0
2009-04-01,10,32,ATRL,85.0,85.11,85.11,85.1
2009-04-01,10,32,BAHL,28.7,29.24,28.7,29.24
2009-04-01,10,32,EPCL,28.7,29.24,28.7,29.24
2009-04-01,10,32,FCCL,23.8,23.9,23.85,23.8
2009-04-01,10,32,LUCK,7.03,7.08,7.03,7.08
2009-04-01,10,32,MCB,54.0,54.43,54.0,54.43
2009-04-01,10,32,MLCF,143.63,143.8,143.7,143.78
2009-04-01,10,32,NETSOL,5.05,5.08,5.07,5.08
2009-04-01,10,32,NML,17.35,17.42,17.35,17.42
2009-04-01,10,32,OGDC,31.1,31.2,31.15,31.16
2009-04-01,10,32,PPL,74.05,74.15,74.1,74.15
2009-04-01,10,32,PSO,173.78,174.25,173.9,174.25
2009-04-01,10,32,SEARL,199.15,199.8,199.78,199.34
2009-04-01,10,32,TRG,49.8,51.0,50.0,51.0
2009-04-01,10,33,ATRL,85.0,85.1,85.1,85.0
2009-04-01,10,33,BAHL,29.0,29.4,29.0,29.4
2009-04-01,10,33,EPCL,29.0,29.4,29.0,29.4
2009-04-01,10,33,FCCL,23.79,23.88,23.8,23.79
2009-04-01,10,33,LUCK,7.07,7.1,7.08,7.1
2009-04-01,10,33,MCB,54.43,54.44,54.43,54.44
2009-04-01,10,33,MLCF,143.8,144.0,143.8,144.0
2009-04-01,10,33,NETSOL,5.02,5.06,5.06,5.04
2009-04-01,10,33,NML,17.44,17.5,17.44,17.5
2009-04-01,10,33,OGDC,31.16,31.24,31.16,31.22
2009-04-01,10,33,PPL,74.15,74.44,74.15,74.4
2009-04-01,10,33,PSO,174.3,174.85,174.3,174.85
2009-04-01,10,33,SEARL,199.12,199.5,199.35,199.13
2009-04-01,10,33,TRG,49.5,51.0,51.0,50.0
2009-04-01,10,34,ATRL,85.0,85.11,85.11,85.0
2009-04-01,10,34,BAHL,29.25,29.4,29.25,29.25
2009-04-01,10,34,EPCL,29.25,29.4,29.25,29.25
2009-04-01,10,34,FCCL,23.77,23.8,23.79,23.8
2009-04-01,10,34,LUCK,7.1,7.1,7.1,7.1
2009-04-01,10,34,MCB,54.44,54.44,54.44,54.44
2009-04-01,10,34,MLCF,144.0,144.01,144.0,144.01
2009-04-01,10,34,NETSOL,5.02,5.04,5.04,5.04
2009-04-01,10,34,NML,17.5,17.5,17.5,17.5
2009-04-01,10,34,OGDC,31.2,31.21,31.21,31.2
2009-04-01,10,34,PPL,74.3,74.44,74.4,74.3
2009-04-01,10,34,PSO,174.5,174.7,174.69,174.65
2009-04-01,10,34,SEARL,198.91,199.12,199.12,198.91
2009-04-01,10,34,TRG,50.0,51.0,50.0,51.0
2009-04-01,10,35,ATRL,84.5,85.0,85.0,84.5
2009-04-01,10,35,BAHL,28.85,29.35,29.25,28.9
2009-04-01,10,35,EPCL,28.85,29.35,29.25,28.9
2009-04-01,10,35,FCCL,23.77,23.89,23.8,23.82
2009-04-01,10,35,LUCK,7.07,7.1,7.1,7.1
2009-04-01,10,35,MCB,54.44,54.44,54.44,54.44
2009-04-01,10,35,MLCF,144.0,144.4,144.0,144.2
2009-04-01,10,35,NETSOL,5.02,5.09,5.04,5.06
2009-04-01,10,35,NML,17.5,17.6,17.5,17.6
2009-04-01,10,35,OGDC,31.2,31.25,31.2,31.24
2009-04-01,10,35,PPL,74.26,74.34,74.3,74.32
2009-04-01,10,35,PSO,174.5,174.69,174.65,174.65
2009-04-01,10,35,SEARL,198.75,198.9,198.9,198.75
2009-04-01,10,35,TRG,51.0,52.45,51.0,51.5
2009-04-01,10,36,ATRL,84.5,85.0,84.5,84.6
2009-04-01,10,36,BAHL,28.9,29.25,28.9,29.25
2009-04-01,10,36,EPCL,28.9,29.25,28.9,29.25
2009-04-01,10,36,FCCL,23.89,24.0,23.89,24.0
2009-04-01,10,36,LUCK,7.07,7.12,7.1,7.12
2009-04-01,10,36,MCB,54.43,54.44,54.44,54.44
2009-04-01,10,36,MLCF,144.1,144.25,144.2,144.1
2009-04-01,10,36,NETSOL,5.05,5.09,5.06,5.08
2009-04-01,10,36,NML,17.6,17.65,17.6,17.64
2009-04-01,10,36,OGDC,31.2,31.3,31.24,31.2
2009-04-01,10,36,PPL,74.25,74.34,74.34,74.29
2009-04-01,10,36,PSO,174.68,174.8,174.68,174.8
2009-04-01,10,36,SEARL,198.75,199.1,198.75,199.0
2009-04-01,10,36,TRG,51.5,52.5,51.5,52.5
2009-04-01,10,37,ATRL,84.45,84.9,84.6,84.45
2009-04-01,10,37,BAHL,29.2,30.2,29.44,30.2
2009-04-01,10,37,EPCL,29.2,30.2,29.44,30.2
2009-04-01,10,37,FCCL,24.01,24.1,24.01,24.1
2009-04-01,10,37,LUCK,7.07,7.15,7.13,7.07
2009-04-01,10,37,MCB,54.43,54.44,54.43,54.44
2009-04-01,10,37,MLCF,144.0,144.22,144.1,144.22
2009-04-01,10,37,NETSOL,5.06,5.1,5.09,5.09
2009-04-01,10,37,NML,17.6,17.65,17.65,17.65
2009-04-01,10,37,OGDC,31.05,31.2,31.2,31.2
2009-04-01,10,37,PPL,74.15,74.25,74.25,74.25
2009-04-01,10,37,PSO,174.85,174.95,174.85,174.95
2009-04-01,10,37,SEARL,198.99,199.0,199.0,199.0
2009-04-01,10,37,TRG,51.5,52.5,52.5,51.5
2009-04-01,10,38,ATRL,84.9,84.97,84.9,84.97
2009-04-01,10,38,BAHL,29.65,30.49,30.35,29.65
2009-04-01,10,38,EPCL,29.65,30.49,30.35,29.65
2009-04-01,10,38,FCCL,24.01,24.15,24.05,24.15
2009-04-01,10,38,LUCK,7.07,7.14,7.14,7.08
2009-04-01,10,38,MCB,54.3,54.44,54.44,54.3
2009-04-01,10,38,MLCF,144.05,144.37,144.05,144.37
2009-04-01,10,38,NETSOL,5.05,5.05,5.05,5.05
2009-04-01,10,38,NML,17.65,17.66,17.65,17.65
2009-04-01,10,38,OGDC,31.1,31.2,31.2,31.2
2009-04-01,10,38,PPL,74.15,74.23,74.15,74.2
2009-04-01,10,38,PSO,174.97,175.0,174.97,175.0
2009-04-01,10,38,SEARL,198.55,198.99,198.99,198.55
2009-04-01,10,38,TRG,50.6,52.35,51.1,52.35
2009-04-01,10,39,ATRL,84.97,85.44,84.97,85.4
2009-04-01,10,39,BAHL,29.5,29.95,29.75,29.5
2009-04-01,10,39,EPCL,29.5,29.95,29.75,29.5
2009-04-01,10,39,FCCL,24.05,24.13,24.1,24.1
2009-04-01,10,39,LUCK,7.02,7.1,7.1,7.02
2009-04-01,10,39,MCB,54.25,54.4,54.25,54.25
2009-04-01,10,39,MLCF,144.4,144.7,144.4,144.6
2009-04-01,10,39,NETSOL,5.04,5.09,5.05,5.05
2009-04-01,10,39,NML,17.6,17.68,17.65,17.6
2009-04-01,10,39,OGDC,31.16,31.25,31.24,31.16
2009-04-01,10,39,PPL,74.1,74.29,74.2,74.29
2009-04-01,10,39,PSO,174.99,175.0,175.0,175.0
2009-04-01,10,39,SEARL,198.25,198.5,198.5,198.25
2009-04-01,10,39,TRG,51.56,52.6,52.4,52.6
2009-04-01,10,40,ATRL,85.02,85.4,85.4,85.02
2009-04-01,10,40,BAHL,29.48,29.8,29.7,29.5
2009-04-01,10,40,EPCL,29.48,29.8,29.7,29.5
2009-04-01,10,40,FCCL,24.1,24.2,24.1,24.2
2009-04-01,10,40,LUCK,7.0,7.05,7.01,7.0
2009-04-01,10,40,MCB,54.05,54.26,54.25,54.19
2009-04-01,10,40,MLCF,144.2,144.6,144.6,144.5
2009-04-01,10,40,NETSOL,5.05,5.09,5.05,5.09
2009-04-01,10,40,NML,17.5,17.65,17.6,17.65
2009-04-01,10,40,OGDC,31.17,31.28,31.17,31.28
2009-04-01,10,40,PPL,74.25,74.4,74.3,74.25
2009-04-01,10,40,PSO,174.99,175.0,175.0,174.99
2009-04-01,10,40,SEARL,198.27,198.55,198.5,198.27
2009-04-01,10,40,TRG,52.0,52.7,52.0,52.65
2009-04-01,10,41,ATRL,85.0,85.25,85.25,85.06
2009-04-01,10,41,BAHL,29.25,29.75,29.5,29.5
2009-04-01,10,41,EPCL,29.25,29.75,29.5,29.5
2009-04-01,10,41,FCCL,24.2,24.25,24.2,24.25
2009-04-01,10,41,LUCK,7.01,7.1,7.05,7.1
2009-04-01,10,41,MCB,54.19,54.35,54.19,54.35
2009-04-01,10,41,MLCF,144.5,144.75,144.5,144.61
2009-04-01,10,41,NETSOL,5.05,5.09,5.07,5.09
2009-04-01,10,41,NML,17.6,17.7,17.65,17.7
2009-04-01,10,41,OGDC,31.25,31.29,31.28,31.25
2009-04-01,10,41,PPL,74.11,74.23,74.23,74.11
2009-04-01,10,41,PSO,174.98,175.0,175.0,175.0
2009-04-01,10,41,SEARL,198.25,198.75,198.25,198.5
2009-04-01,10,41,TRG,52.1,52.5,52.1,52.5
2009-04-01,10,42,ATRL,84.56,85.1,85.1,84.56
2009-04-01,10,42,BAHL,29.25,29.5,29.5,29.25
2009-04-01,10,42,EPCL,29.25,29.5,29.5,29.25
2009-04-01,10,42,FCCL,24.05,24.22,24.05,24.22
2009-04-01,10,42,LUCK,7.02,7.04,7.04,7.04
2009-04-01,10,42,MCB,54.35,54.43,54.35,54.43
2009-04-01,10,42,MLCF,144.6,144.7,144.69,144.6
2009-04-01,10,42,NETSOL,5.09,5.09,5.09,5.09
2009-04-01,10,42,NML,17.7,17.7,17.7,17.7
2009-04-01,10,42,OGDC,31.25,31.3,31.28,31.3
2009-04-01,10,42,PPL,74.12,74.3,74.3,74.12
2009-04-01,10,42,PSO,175.0,175.15,175.1,175.1
2009-04-01,10,42,SEARL,198.5,198.8,198.5,198.5
2009-04-01,10,42,TRG,50.26,52.5,52.5,50.5
2009-04-01,10,43,ATRL,84.5,84.95,84.55,84.6
2009-04-01,10,43,BAHL,29.2,29.5,29.5,29.25
2009-04-01,10,43,EPCL,29.2,29.5,29.5,29.25
2009-04-01,10,43,FCCL,24.11,24.25,24.23,24.24
2009-04-01,10,43,LUCK,7.0,7.09,7.01,7.0
2009-04-01,10,43,MCB,54.4,54.44,54.44,54.4
2009-04-01,10,43,MLCF,144.0,144.6,144.5,144.0
2009-04-01,10,43,NETSOL,5.07,5.19,5.09,5.19
2009-04-01,10,43,NML,17.7,17.8,17.7,17.8
2009-04-01,10,43,OGDC,31.25,31.3,31.3,31.3
2009-04-01,10,43,PPL,74.11,74.4,74.12,74.4
2009-04-01,10,43,PSO,174.8,175.15,175.0,175.0
2009-04-01,10,43,SEARL,198.5,198.75,198.5,198.7
2009-04-01,10,43,TRG,50.5,51.1,50.5,51.0
2009-04-01,10,44,ATRL,84.11,84.55,84.55,84.15
2009-04-01,10,44,BAHL,28.95,29.25,29.25,29.0
2009-04-01,10,44,EPCL,28.95,29.25,29.25,29.0
2009-04-01,10,44,FCCL,24.25,24.34,24.25,24.33
2009-04-01,10,44,LUCK,6.99,7.09,7.0,7.08
2009-04-01,10,44,MCB,54.44,54.44,54.44,54.44
2009-04-01,10,44,MLCF,143.5,144.05,144.01,143.5
2009-04-01,10,44,NETSOL,5.15,5.25,5.19,5.25
2009-04-01,10,44,NML,17.8,17.95,17.8,17.95
2009-04-01,10,44,OGDC,31.28,31.35,31.3,31.34
2009-04-01,10,44,PPL,74.2,74.5,74.43,74.2
2009-04-01,10,44,PSO,174.05,175.1,175.0,174.05
2009-04-01,10,44,SEARL,198.5,198.9,198.7,198.89
2009-04-01,10,44,TRG,50.2,52.0,50.51,51.7
2009-04-01,10,45,ATRL,83.5,84.55,84.2,84.11
2009-04-01,10,45,BAHL,29.0,29.25,29.0,29.0
2009-04-01,10,45,EPCL,29.0,29.25,29.0,29.0
2009-04-01,10,45,FCCL,24.05,24.38,24.33,24.1
2009-04-01,10,45,LUCK,7.01,7.1,7.08,7.1
2009-04-01,10,45,MCB,54.44,54.44,54.44,54.44
2009-04-01,10,45,MLCF,143.25,144.25,143.4,144.0
2009-04-01,10,45,NETSOL,5.21,5.29,5.25,5.21
2009-04-01,10,45,NML,17.9,18.1,17.95,18.1
2009-04-01,10,45,OGDC,30.91,31.35,31.35,31.0
2009-04-01,10,45,PPL,74.2,74.97,74.2,74.97
2009-04-01,10,45,PSO,173.5,174.15,174.15,174.0
2009-04-01,10,45,SEARL,198.36,199.1,198.9,198.4
2009-04-01,10,45,TRG,50.5,51.95,51.7,50.5
2009-04-01,10,46,ATRL,84.2,84.89,84.2,84.5
2009-04-01,10,46,BAHL,28.8,29.01,28.95,29.0
2009-04-01,10,46,EPCL,28.8,29.01,28.95,29.0
2009-04-01,10,46,FCCL,24.1,24.2,24.15,24.2
2009-04-01,10,46,LUCK,7.06,7.1,7.1,7.1
2009-04-01,10,46,MCB,54.44,54.44,54.44,54.44
2009-04-01,10,46,MLCF,143.5,144.0,144.0,143.5
2009-04-01,10,46,NETSOL,5.2,5.25,5.22,5.2
2009-04-01,10,46,NML,17.95,18.1,18.1,17.95
2009-04-01,10,46,OGDC,31.0,31.01,31.0,31.01
2009-04-01,10,46,PPL,74.4,74.99,74.98,74.4
2009-04-01,10,46,PSO,173.75,174.25,173.75,174.25
2009-04-01,10,46,SEARL,198.01,198.4,198.4,198.01
2009-04-01,10,46,TRG,50.0,51.0,50.5,50.05
2009-04-01,10,47,ATRL,84.55,84.68,84.55,84.55
2009-04-01,10,47,BAHL,29.01,29.2,29.19,29.01
2009-04-01,10,47,EPCL,29.01,29.2,29.19,29.01
2009-04-01,10,47,FCCL,24.12,24.24,24.24,24.2
2009-04-01,10,47,LUCK,7.1,7.1,7.1,7.1
2009-04-01,10,47,MCB,56.99,56.99,56.99,56.99
2009-04-01,10,47,MLCF,143.4,143.51,143.51,143.41
2009-04-01,10,47,NETSOL,5.19,5.23,5.2,5.2
2009-04-01,10,47,NML,17.9,17.95,17.95,17.95
2009-04-01,10,47,OGDC,31.0,31.1,31.09,31.0
2009-04-01,10,47,PPL,74.4,74.5,74.4,74.45
2009-04-01,10,47,PSO,174.3,174.49,174.3,174.4
2009-04-01,10,47,SEARL,198.0,198.01,198.01,198.0
2009-04-01,10,47,TRG,50.0,50.9,50.02,50.75
2009-04-01,10,48,ATRL,84.32,84.75,84.5,84.75
2009-04-01,10,48,BAHL,28.91,29.02,29.0,29.0
2009-04-01,10,48,EPCL,28.91,29.02,29.0,29.0
2009-04-01,10,48,FCCL,24.09,24.19,24.13,24.1
2009-04-01,10,48,LUCK,7.07,7.12,7.1,7.1
2009-04-01,10,48,MCB,56.99,56.99,56.99,56.99
2009-04-01,10,48,MLCF,143.3,143.5,143.4,143.3
2009-04-01,10,48,NETSOL,5.16,5.22,5.19,5.2
2009-04-01,10,48,NML,17.89,17.95,17.9,17.95
2009-04-01,10,48,OGDC,30.9,31.1,31.0,30.91
2009-04-01,10,48,PPL,74.25,74.45,74.45,74.25
2009-04-01,10,48,PSO,174.21,174.49,174.3,174.45
2009-04-01,10,48,SEARL,197.75,198.0,198.0,197.75
2009-04-01,10,48,TRG,50.0,50.9,50.74,50.5
2009-04-01,10,49,ATRL,84.35,84.89,84.89,84.35
2009-04-01,10,49,BAHL,28.85,29.2,29.2,28.91
2009-04-01,10,49,EPCL,28.85,29.2,29.2,28.91
2009-04-01,10,49,FCCL,24.09,24.19,24.1,24.18
2009-04-01,10,49,LUCK,7.01,7.11,7.1,7.01
2009-04-01,10,49,MCB,56.99,56.99,56.99,56.99
2009-04-01,10,49,MLCF,143.25,143.62,143.25,143.62
2009-04-01,10,49,NETSOL,5.11,5.19,5.17,5.19
2009-04-01,10,49,NML,17.95,18.0,17.95,18.0
2009-04-01,10,49,OGDC,30.86,31.09,30.9,31.0
2009-04-01,10,49,PPL,74.22,74.38,74.25,74.22
2009-04-01,10,49,PSO,174.0,174.5,174.25,174.5
2009-04-01,10,49,SEARL,197.1,197.8,197.5,197.8
2009-04-01,10,49,TRG,50.0,50.68,50.1,50.0
2009-04-01,10,50,ATRL,84.35,84.85,84.35,84.55
2009-04-01,10,50,BAHL,28.92,29.19,29.0,29.19
2009-04-01,10,50,EPCL,28.92,29.19,29.0,29.19
2009-04-01,10,50,FCCL,24.1,24.18,24.1,24.18
2009-04-01,10,50,LUCK,7.01,7.08,7.01,7.07
2009-04-01,10,50,MCB,56.99,56.99,56.99,56.99
2009-04-01,10,50,MLCF,143.5,143.63,143.63,143.5
2009-04-01,10,50,NETSOL,5.17,5.18,5.17,5.18
2009-04-01,10,50,NML,17.99,18.0,18.0,17.99
2009-04-01,10,50,OGDC,31.0,31.0,31.0,31.0
2009-04-01,10,50,PPL,74.13,74.22,74.21,74.13
2009-04-01,10,50,PSO,174.48,174.5,174.5,174.49
2009-04-01,10,50,SEARL,197.21,197.65,197.65,197.21
2009-04-01,10,50,TRG,49.5,50.4,49.8,50.0
2009-04-01,10,51,ATRL,84.5,84.6,84.6,84.5
2009-04-01,10,51,BAHL,28.81,29.0,29.0,28.81
2009-04-01,10,51,EPCL,28.81,29.0,29.0,28.81
2009-04-01,10,51,FCCL,24.1,24.18,24.1,24.18
2009-04-01,10,51,LUCK,7.08,7.09,7.08,7.09
2009-04-01,10,51,MCB,56.99,56.99,56.99,56.99
2009-04-01,10,51,MLCF,143.5,143.7,143.5,143.5
2009-04-01,10,51,NETSOL,5.18,5.19,5.18,5.19
2009-04-01,10,51,NML,17.95,18.0,17.99,18.0
2009-04-01,10,51,OGDC,30.96,31.0,31.0,30.96
2009-04-01,10,51,PPL,74.05,74.1,74.1,74.05
2009-04-01,10,51,PSO,174.15,174.5,174.49,174.5
2009-04-01,10,51,SEARL,197.5,197.7,197.5,197.7
2009-04-01,10,51,TRG,50.0,50.39,50.0,50.39
2009-04-01,10,52,ATRL,84.82,84.88,84.82,84.88
2009-04-01,10,52,BAHL,28.6,28.8,28.8,28.6
2009-04-01,10,52,EPCL,28.6,28.8,28.8,28.6
2009-04-01,10,52,FCCL,24.1,24.18,24.18,24.1
2009-04-01,10,52,LUCK,7.01,7.08,7.08,7.01
2009-04-01,10,52,MCB,56.99,56.99,56.99,56.99
2009-04-01,10,52,MLCF,143.25,143.5,143.5,143.25
2009-04-01,10,52,NETSOL,5.17,5.19,5.17,5.19
2009-04-01,10,52,NML,18.0,18.05,18.0,18.05
2009-04-01,10,52,OGDC,30.96,31.05,30.96,31.05
2009-04-01,10,52,PPL,74.01,74.05,74.05,74.01
2009-04-01,10,52,PSO,174.5,174.65,174.5,174.53
2009-04-01,10,52,SEARL,197.7,197.89,197.7,197.7
2009-04-01,10,52,TRG,50.0,50.39,50.39,50.0
2009-04-01,10,53,ATRL,84.9,85.3,84.98,85.3
2009-04-01,10,53,BAHL,29.0,29.11,29.0,29.0
2009-04-01,10,53,EPCL,29.0,29.11,29.0,29.0
2009-04-01,10,53,FCCL,24.02,24.1,24.09,24.02
2009-04-01,10,53,LUCK,7.08,7.14,7.08,7.14
2009-04-01,10,53,MCB,56.99,56.99,56.99,56.99
2009-04-01,10,53,MLCF,143.2,143.75,143.25,143.75
2009-04-01,10,53,NETSOL,5.15,5.2,5.19,5.19
2009-04-01,10,53,NML,18.0,18.1,18.05,18.1
2009-04-01,10,53,OGDC,30.97,31.04,30.97,31.03
2009-04-01,10,53,PPL,74.0,74.01,74.01,74.0
2009-04-01,10,53,PSO,174.56,174.94,174.6,174.94
2009-04-01,10,53,SEARL,197.15,197.7,197.7,197.3
2009-04-01,10,53,TRG,50.0,51.49,50.0,51.49
2009-04-01,10,54,ATRL,85.0,85.25,85.06,85.25
2009-04-01,10,54,BAHL,28.91,29.0,29.0,28.91
2009-04-01,10,54,EPCL,28.91,29.0,29.0,28.91
2009-04-01,10,54,FCCL,24.0,24.02,24.02,24.0
2009-04-01,10,54,LUCK,7.14,7.15,7.14,7.15
2009-04-01,10,54,MCB,56.99,56.99,56.99,56.99
2009-04-01,10,54,MLCF,143.5,143.6,143.5,143.6
2009-04-01,10,54,NETSOL,5.15,5.18,5.15,5.15
2009-04-01,10,54,NML,18.0,18.1,18.0,18.1
2009-04-01,10,54,OGDC,31.0,31.05,31.0,31.05
2009-04-01,10,54,PPL,74.0,74.01,74.0,74.01
2009-04-01,10,54,PSO,174.95,174.99,174.95,174.99
2009-04-01,10,54,SEARL,197.17,197.25,197.25,197.17
2009-04-01,10,54,TRG,51.0,51.75,51.5,51.0
2009-04-01,10,55,ATRL,85.02,85.24,85.02,85.19
2009-04-01,10,55,BAHL,28.8,28.91,28.91,28.9
2009-04-01,10,55,EPCL,28.8,28.91,28.91,28.9
2009-04-01,10,55,FCCL,24.0,24.1,24.0,24.01
2009-04-01,10,55,LUCK,7.15,7.15,7.15,7.15
2009-04-01,10,55,MCB,56.99,56.99,56.99,56.99
2009-04-01,10,55,MLCF,143.75,143.89,143.75,143.85
2009-04-01,10,55,NETSOL,5.15,5.17,5.15,5.17
2009-04-01,10,55,NML,18.1,18.14,18.1,18.14
2009-04-01,10,55,OGDC,30.95,31.0,31.0,30.95
2009-04-01,10,55,PPL,74.0,74.1,74.1,74.0
2009-04-01,10,55,PSO,175.0,175.0,175.0,175.0
2009-04-01,10,55,SEARL,197.11,197.16,197.16,197.11
2009-04-01,10,55,TRG,51.73,51.75,51.73,51.75
2009-04-01,10,56,ATRL,85.19,85.7,85.19,85.7
2009-04-01,10,56,BAHL,28.5,29.0,29.0,29.0
2009-04-01,10,56,EPCL,28.5,29.0,29.0,29.0
2009-04-01,10,56,FCCL,24.0,24.14,24.0,24.05
2009-04-01,10,56,LUCK,7.12,7.18,7.15,7.18
2009-04-01,10,56,MCB,56.5,56.99,56.99,56.51
2009-04-01,10,56,MLCF,143.0,143.89,143.85,143.0
2009-04-01,10,56,NETSOL,5.13,5.21,5.17,5.21
2009-04-01,10,56,NML,18.0,18.15,18.14,18.0
2009-04-01,10,56,OGDC,30.81,30.95,30.95,30.9
2009-04-01,10,56,PPL,73.9,74.1,74.0,74.05
2009-04-01,10,56,PSO,175.0,175.25,175.0,175.25
2009-04-01,10,56,SEARL,196.11,197.15,197.01,196.11
2009-04-01,10,56,TRG,51.01,52.4,51.01,51.55
2009-04-01,10,57,ATRL,85.5,85.7,85.7,85.5
2009-04-01,10,57,BAHL,29.0,29.0,29.0,29.0
2009-04-01,10,57,EPCL,29.0,29.0,29.0,29.0
2009-04-01,10,57,FCCL,24.0,24.01,24.01,24.0
2009-04-01,10,57,LUCK,7.18,7.19,7.18,7.19
2009-04-01,10,57,MCB,56.5,56.99,56.5,56.99
2009-04-01,10,57,MLCF,142.75,142.8,142.8,142.75
2009-04-01,10,57,NETSOL,5.22,5.23,5.22,5.23
2009-04-01,10,57,NML,18.0,18.01,18.01,18.01
2009-04-01,10,57,OGDC,30.95,31.0,30.99,31.0
2009-04-01,10,57,PPL,74.0,74.01,74.01,74.0
2009-04-01,10,57,PSO,175.15,175.25,175.25,175.15
2009-04-01,10,57,SEARL,196.12,196.45,196.15,196.45
2009-04-01,10,57,TRG,51.02,51.5,51.5,51.02
